date,platform,region,region_name,source_name,source_url,app_name,app_id,developer,category,is_rpg,release_date,url,first_seen_date
2026-07-28,android,tw,台湾,Google Play预注册游戏,https://play.google.com/store/apps/collection/promotion_3000000d51_pre_registration_games?gl=TW&hl=zh_TW,死神少年,com.BillionaireGames.TicketHero,BillionaireGames,角色扮演,True,,https://play.google.com/store/apps/details?id=com.BillionaireGames.TicketHero,2026-07-28
2026-07-28,android,tw,台湾,Google Play预注册游戏,https://play.google.com/store/apps/collection/promotion_3000000d51_pre_registration_games?gl=TW&hl=zh_TW,Never Grave,com.Pocketpair.NeverGrave,Pocketpair Publishing,冒險,True,,https://play.google.com/store/apps/details?id=com.Pocketpair.NeverGrave,2026-07-28
2026-07-28,android,tw,台湾,Google Play预注册游戏,https://play.google.com/store/apps/collection/promotion_3000000d51_pre_registration_games?gl=TW&hl=zh_TW,Servant of the Lake,com.RustyLake.ServantOfTheLake,Rusty Lake,冒險,True,,https://play.google.com/store/apps/details?id=com.RustyLake.ServantOfTheLake,2026-07-28
2026-07-28,android,tw,台湾,Google Play预注册游戏,https://play.google.com/store/apps/collection/promotion_3000000d51_pre_registration_games?gl=TW&hl=zh_TW,協力魔法防衛戰：養成你的魔法師,com.TeamSparta.CSD,Teamsparta Inc.,策略,True,,https://play.google.com/store/apps/details?id=com.TeamSparta.CSD,2026-07-28
2026-07-28,android,tw,台湾,Google Play预注册游戏,https://play.google.com/store/apps/collection/promotion_3000000d51_pre_registration_games?gl=TW&hl=zh_TW,地堡隨機防禦,com.TeamSparta.brd,Teamsparta Inc.,策略,False,,https://play.google.com/store/apps/details?id=com.TeamSparta.brd,2026-07-28
2026-07-28,android,tw,台湾,Google Play预注册游戏,https://play.google.com/store/apps/collection/promotion_3000000d51_pre_registration_games?gl=TW&hl=zh_TW,UnGodly,com.azragames.ungodly,Azra Games,角色扮演,True,,https://play.google.com/store/apps/details?id=com.azragames.ungodly,2026-07-28
2026-07-28,android,tw,台湾,Google Play预注册游戏,https://play.google.com/store/apps/collection/promotion_3000000d51_pre_registration_games?gl=TW&hl=zh_TW,勁爆餐廳：合併&料理 - 療癒小鎮休閒單機不用網路的遊戲,com.bigcool.puzzle.merge.kitchen,Bigcool Games,冒險,True,,https://play.google.com/store/apps/details?id=com.bigcool.puzzle.merge.kitchen,2026-07-28
2026-07-28,android,tw,台湾,Google Play预注册游戏,https://play.google.com/store/apps/collection/promotion_3000000d51_pre_registration_games?gl=TW&hl=zh_TW,風味餐廳：合併&料理 - 療癒小鎮休閒離線單機解謎遊戲,com.bigcool.puzzle.merge.tasty,Bigcool Limited,冒險,True,,https://play.google.com/store/apps/details?id=com.bigcool.puzzle.merge.tasty,2026-07-28
2026-07-28,android,tw,台湾,Google Play预注册游戏,https://play.google.com/store/apps/collection/promotion_3000000d51_pre_registration_games?gl=TW&hl=zh_TW,閃耀吧！嚕咪,com.bilibili.lumi,BILIBILI,冒險,True,,https://play.google.com/store/apps/details?id=com.bilibili.lumi,2026-07-28
2026-07-28,android,tw,台湾,Google Play预注册游戏,https://play.google.com/store/apps/collection/promotion_3000000d51_pre_registration_games?gl=TW&hl=zh_TW,BanG Dream! 交織的樂章,com.bilibili.sirius,BILIBILI,冒險,True,,https://play.google.com/store/apps/details?id=com.bilibili.sirius,2026-07-28
2026-07-28,android,tw,台湾,Google Play预注册游戏,https://play.google.com/store/apps/collection/promotion_3000000d51_pre_registration_games?gl=TW&hl=zh_TW,喵吱大作戰：放置類RPG,com.blackdust.redblue,"RIFF GAMES Co., Ltd.",角色扮演,True,,https://play.google.com/store/apps/details?id=com.blackdust.redblue,2026-07-28
2026-07-28,android,tw,台湾,Google Play预注册游戏,https://play.google.com/store/apps/collection/promotion_3000000d51_pre_registration_games?gl=TW&hl=zh_TW,How Many Dudes?,com.bscotch.hmd,Butterscotch Shenanigans,策略,True,,https://play.google.com/store/apps/details?id=com.bscotch.hmd,2026-07-28
2026-07-28,android,tw,台湾,Google Play预注册游戏,https://play.google.com/store/apps/collection/promotion_3000000d51_pre_registration_games?gl=TW&hl=zh_TW,撐住吧！領主大人！,com.buffstudio.holdonlord,"Buff Studio Co.,Ltd.",冒險,True,,https://play.google.com/store/apps/details?id=com.buffstudio.holdonlord,2026-07-28
2026-07-28,android,tw,台湾,Google Play预注册游戏,https://play.google.com/store/apps/collection/promotion_3000000d51_pre_registration_games?gl=TW&hl=zh_TW,桃園結義：放置三國志 RPG,com.codetiger.threekingdom,코드타이거,角色扮演,True,,https://play.google.com/store/apps/details?id=com.codetiger.threekingdom,2026-07-28
2026-07-28,android,tw,台湾,Google Play预注册游戏,https://play.google.com/store/apps/collection/promotion_3000000d51_pre_registration_games?gl=TW&hl=zh_TW,Storypick,com.com2us.storypick.android.google.global.normal.storypick12,Day7,冒險,True,,https://play.google.com/store/apps/details?id=com.com2us.storypick.android.google.global.normal.storypick12,2026-07-28
2026-07-28,android,tw,台湾,Google Play预注册游戏,https://play.google.com/store/apps/collection/promotion_3000000d51_pre_registration_games?gl=TW&hl=zh_TW,ARES: THE IRON VANGUARD,com.com2usholdings.agwiv.android.google.global.normal,Com2uS Holdings,角色扮演,True,,https://play.google.com/store/apps/details?id=com.com2usholdings.agwiv.android.google.global.normal,2026-07-28
2026-07-28,android,tw,台湾,Google Play预注册游戏,https://play.google.com/store/apps/collection/promotion_3000000d51_pre_registration_games?gl=TW&hl=zh_TW,Crash Cat : Zombie Survivor,com.cookapps.catsurvivor,CookApps,角色扮演,True,,https://play.google.com/store/apps/details?id=com.cookapps.catsurvivor,2026-07-28
2026-07-28,android,tw,台湾,Google Play预注册游戏,https://play.google.com/store/apps/collection/promotion_3000000d51_pre_registration_games?gl=TW&hl=zh_TW,星際亡命徒：肉鴿塔防,com.cookapps.towerroguedefense,CookApps,角色扮演,True,,https://play.google.com/store/apps/details?id=com.cookapps.towerroguedefense,2026-07-28
2026-07-28,android,tw,台湾,Google Play预注册游戏,https://play.google.com/store/apps/collection/promotion_3000000d51_pre_registration_games?gl=TW&hl=zh_TW,MAJO - 末日策略 RPG,com.darkwind.majo,DarkWind Ltd.,角色扮演,True,,https://play.google.com/store/apps/details?id=com.darkwind.majo,2026-07-28
2026-07-28,android,tw,台湾,Google Play预注册游戏,https://play.google.com/store/apps/collection/promotion_3000000d51_pre_registration_games?gl=TW&hl=zh_TW,王權：星途,com.devolver.reignsbeyond,DevolverDigital,,False,,https://play.google.com/store/apps/details?id=com.devolver.reignsbeyond,2026-07-28
2026-07-28,android,tw,台湾,Google Play游戏首页预注册,https://play.google.com/store/games?gl=TW&hl=zh_TW,Royal Kingdom,com.dreamgames.royalkingdom,"Dream Games, Ltd.",冒險,True,,https://play.google.com/store/apps/details?id=com.dreamgames.royalkingdom,2026-07-28
2026-07-28,android,tw,台湾,Google Play游戏首页预注册,https://play.google.com/store/games?gl=TW&hl=zh_TW,崩壞：星穹鐵道,com.HoYoverse.hkrpgoversea,COGNOSPHERE PTE. LTD.,角色扮演,True,,https://play.google.com/store/apps/details?id=com.HoYoverse.hkrpgoversea,2026-07-28
2026-07-28,android,tw,台湾,Google Play游戏首页预注册,https://play.google.com/store/games?gl=TW&hl=zh_TW,王國紀元 (Lords Mobile)：全面戰爭,com.igg.android.lordsmobile,IGG.COM,冒險,True,,https://play.google.com/store/apps/details?id=com.igg.android.lordsmobile,2026-07-28
2026-07-28,android,tw,台湾,Google Play游戏首页预注册,https://play.google.com/store/games?gl=TW&hl=zh_TW,8 Ball Pool,com.miniclip.eightballpool,Miniclip.com,策略,False,,https://play.google.com/store/apps/details?id=com.miniclip.eightballpool,2026-07-28
2026-07-28,android,tw,台湾,Google Play游戏首页预注册,https://play.google.com/store/games?gl=TW&hl=zh_TW,Roblox,com.roblox.client,Roblox Corporation,角色扮演,True,,https://play.google.com/store/apps/details?id=com.roblox.client,2026-07-28
2026-07-28,android,tw,台湾,Google Play游戏首页预注册,https://play.google.com/store/games?gl=TW&hl=zh_TW,糖果傳奇,com.king.candycrushsaga,King,冒險,True,,https://play.google.com/store/apps/details?id=com.king.candycrushsaga,2026-07-28
2026-07-28,android,tw,台湾,Google Play游戏首页预注册,https://play.google.com/store/games?gl=TW&hl=zh_TW,Pikmin Bloom,com.nianticlabs.pikmin,"Scopely Explore, Inc.",冒險,True,,https://play.google.com/store/apps/details?id=com.nianticlabs.pikmin,2026-07-28
2026-07-28,android,tw,台湾,Google Play游戏首页预注册,https://play.google.com/store/games?gl=TW&hl=zh_TW,Pokémon GO,com.nianticlabs.pokemongo,"Scopely Explore, Inc.",冒險,True,,https://play.google.com/store/apps/details?id=com.nianticlabs.pokemongo,2026-07-28
2026-07-28,android,tw,台湾,Google Play游戏首页预注册,https://play.google.com/store/games?gl=TW&hl=zh_TW,Block Blast!,com.block.juggle,HungryStudio,冒險,True,,https://play.google.com/store/apps/details?id=com.block.juggle,2026-07-28
2026-07-28,android,tw,台湾,Google Play游戏首页预注册,https://play.google.com/store/games?gl=TW&hl=zh_TW,Vita 麻將,com.vitastudio.mahjong,Vita Studio.,冒險,True,,https://play.google.com/store/apps/details?id=com.vitastudio.mahjong,2026-07-28
2026-07-29,android,tw,台湾,Google Play预注册游戏,https://play.google.com/store/apps/collection/promotion_3000000d51_pre_registration_games?gl=TW&hl=zh_TW,死神少年,com.BillionaireGames.TicketHero,BillionaireGames,角色扮演,True,,https://play.google.com/store/apps/details?id=com.BillionaireGames.TicketHero,2026-07-28
2026-07-29,android,tw,台湾,Google Play预注册游戏,https://play.google.com/store/apps/collection/promotion_3000000d51_pre_registration_games?gl=TW&hl=zh_TW,Never Grave,com.Pocketpair.NeverGrave,Pocketpair Publishing,冒險,True,,https://play.google.com/store/apps/details?id=com.Pocketpair.NeverGrave,2026-07-28
2026-07-29,android,tw,台湾,Google Play预注册游戏,https://play.google.com/store/apps/collection/promotion_3000000d51_pre_registration_games?gl=TW&hl=zh_TW,Servant of the Lake,com.RustyLake.ServantOfTheLake,Rusty Lake,冒險,True,,https://play.google.com/store/apps/details?id=com.RustyLake.ServantOfTheLake,2026-07-28
2026-07-29,android,tw,台湾,Google Play预注册游戏,https://play.google.com/store/apps/collection/promotion_3000000d51_pre_registration_games?gl=TW&hl=zh_TW,協力魔法防衛戰：養成你的魔法師,com.TeamSparta.CSD,Teamsparta Inc.,策略,True,,https://play.google.com/store/apps/details?id=com.TeamSparta.CSD,2026-07-28
2026-07-29,android,tw,台湾,Google Play预注册游戏,https://play.google.com/store/apps/collection/promotion_3000000d51_pre_registration_games?gl=TW&hl=zh_TW,地堡隨機防禦,com.TeamSparta.brd,Teamsparta Inc.,策略,False,,https://play.google.com/store/apps/details?id=com.TeamSparta.brd,2026-07-28
2026-07-29,android,tw,台湾,Google Play预注册游戏,https://play.google.com/store/apps/collection/promotion_3000000d51_pre_registration_games?gl=TW&hl=zh_TW,UnGodly,com.azragames.ungodly,Azra Games,角色扮演,True,,https://play.google.com/store/apps/details?id=com.azragames.ungodly,2026-07-28
2026-07-29,android,tw,台湾,Google Play预注册游戏,https://play.google.com/store/apps/collection/promotion_3000000d51_pre_registration_games?gl=TW&hl=zh_TW,勁爆餐廳：合併&料理 - 療癒小鎮休閒單機不用網路的遊戲,com.bigcool.puzzle.merge.kitchen,Bigcool Games,冒險,True,,https://play.google.com/store/apps/details?id=com.bigcool.puzzle.merge.kitchen,2026-07-28
2026-07-29,android,tw,台湾,Google Play预注册游戏,https://play.google.com/store/apps/collection/promotion_3000000d51_pre_registration_games?gl=TW&hl=zh_TW,風味餐廳：合併&料理 - 療癒小鎮休閒離線單機解謎遊戲,com.bigcool.puzzle.merge.tasty,Bigcool Limited,冒險,True,,https://play.google.com/store/apps/details?id=com.bigcool.puzzle.merge.tasty,2026-07-28
2026-07-29,android,tw,台湾,Google Play预注册游戏,https://play.google.com/store/apps/collection/promotion_3000000d51_pre_registration_games?gl=TW&hl=zh_TW,閃耀吧！嚕咪,com.bilibili.lumi,BILIBILI,冒險,True,,https://play.google.com/store/apps/details?id=com.bilibili.lumi,2026-07-28
2026-07-29,android,tw,台湾,Google Play预注册游戏,https://play.google.com/store/apps/collection/promotion_3000000d51_pre_registration_games?gl=TW&hl=zh_TW,BanG Dream! 交織的樂章,com.bilibili.sirius,BILIBILI,冒險,True,,https://play.google.com/store/apps/details?id=com.bilibili.sirius,2026-07-28
2026-07-29,android,tw,台湾,Google Play预注册游戏,https://play.google.com/store/apps/collection/promotion_3000000d51_pre_registration_games?gl=TW&hl=zh_TW,喵吱大作戰：放置類RPG,com.blackdust.redblue,"RIFF GAMES Co., Ltd.",角色扮演,True,,https://play.google.com/store/apps/details?id=com.blackdust.redblue,2026-07-28
2026-07-29,android,tw,台湾,Google Play预注册游戏,https://play.google.com/store/apps/collection/promotion_3000000d51_pre_registration_games?gl=TW&hl=zh_TW,How Many Dudes?,com.bscotch.hmd,Butterscotch Shenanigans,策略,True,,https://play.google.com/store/apps/details?id=com.bscotch.hmd,2026-07-28
2026-07-29,android,tw,台湾,Google Play预注册游戏,https://play.google.com/store/apps/collection/promotion_3000000d51_pre_registration_games?gl=TW&hl=zh_TW,撐住吧！領主大人！,com.buffstudio.holdonlord,"Buff Studio Co.,Ltd.",冒險,True,,https://play.google.com/store/apps/details?id=com.buffstudio.holdonlord,2026-07-28
2026-07-29,android,tw,台湾,Google Play预注册游戏,https://play.google.com/store/apps/collection/promotion_3000000d51_pre_registration_games?gl=TW&hl=zh_TW,桃園結義：放置三國志 RPG,com.codetiger.threekingdom,코드타이거,角色扮演,True,,https://play.google.com/store/apps/details?id=com.codetiger.threekingdom,2026-07-28
2026-07-29,android,tw,台湾,Google Play预注册游戏,https://play.google.com/store/apps/collection/promotion_3000000d51_pre_registration_games?gl=TW&hl=zh_TW,Storypick,com.com2us.storypick.android.google.global.normal.storypick12,Day7,冒險,True,,https://play.google.com/store/apps/details?id=com.com2us.storypick.android.google.global.normal.storypick12,2026-07-28
2026-07-29,android,tw,台湾,Google Play预注册游戏,https://play.google.com/store/apps/collection/promotion_3000000d51_pre_registration_games?gl=TW&hl=zh_TW,ARES: THE IRON VANGUARD,com.com2usholdings.agwiv.android.google.global.normal,Com2uS Holdings,角色扮演,True,,https://play.google.com/store/apps/details?id=com.com2usholdings.agwiv.android.google.global.normal,2026-07-28
2026-07-29,android,tw,台湾,Google Play预注册游戏,https://play.google.com/store/apps/collection/promotion_3000000d51_pre_registration_games?gl=TW&hl=zh_TW,Crash Cat : Zombie Survivor,com.cookapps.catsurvivor,CookApps,角色扮演,True,,https://play.google.com/store/apps/details?id=com.cookapps.catsurvivor,2026-07-28
2026-07-29,android,tw,台湾,Google Play预注册游戏,https://play.google.com/store/apps/collection/promotion_3000000d51_pre_registration_games?gl=TW&hl=zh_TW,星際亡命徒：肉鴿塔防,com.cookapps.towerroguedefense,CookApps,角色扮演,True,,https://play.google.com/store/apps/details?id=com.cookapps.towerroguedefense,2026-07-28
2026-07-29,android,tw,台湾,Google Play预注册游戏,https://play.google.com/store/apps/collection/promotion_3000000d51_pre_registration_games?gl=TW&hl=zh_TW,MAJO - 末日策略 RPG,com.darkwind.majo,DarkWind Ltd.,角色扮演,True,,https://play.google.com/store/apps/details?id=com.darkwind.majo,2026-07-28
2026-07-29,android,tw,台湾,Google Play预注册游戏,https://play.google.com/store/apps/collection/promotion_3000000d51_pre_registration_games?gl=TW&hl=zh_TW,王權：星途,com.devolver.reignsbeyond,DevolverDigital,,False,,https://play.google.com/store/apps/details?id=com.devolver.reignsbeyond,2026-07-28
2026-07-29,android,tw,台湾,Google Play游戏首页预注册,https://play.google.com/store/games?gl=TW&hl=zh_TW,Roblox,com.roblox.client,Roblox Corporation,角色扮演,True,,https://play.google.com/store/apps/details?id=com.roblox.client,2026-07-28
2026-07-29,android,tw,台湾,Google Play游戏首页预注册,https://play.google.com/store/games?gl=TW&hl=zh_TW,Garena® 三角洲行動,com.garena.game.df,Garena Mobile Private Limited,冒險,True,,https://play.google.com/store/apps/details?id=com.garena.game.df,2026-07-29
2026-07-29,android,tw,台湾,Google Play游戏首页预注册,https://play.google.com/store/games?gl=TW&hl=zh_TW,Free Fire: 9周年,com.dts.freefireth,GARENA INTERNATIONAL I,策略,False,,https://play.google.com/store/apps/details?id=com.dts.freefireth,2026-07-29
2026-07-29,android,tw,台湾,Google Play游戏首页预注册,https://play.google.com/store/games?gl=TW&hl=zh_TW,Pokémon Champions,jp.pokemon.pokemonchampions,The Pokémon Company,策略,True,,https://play.google.com/store/apps/details?id=jp.pokemon.pokemonchampions,2026-07-29
2026-07-29,android,tw,台湾,Google Play游戏首页预注册,https://play.google.com/store/games?gl=TW&hl=zh_TW,天堂M,com.gamania.lineagem,Gamania Digital Entertainment Co Ltd,角色扮演,True,,https://play.google.com/store/apps/details?id=com.gamania.lineagem,2026-07-29
2026-07-29,android,tw,台湾,Google Play游戏首页预注册,https://play.google.com/store/games?gl=TW&hl=zh_TW,天天玩樂園 (Play Together),com.haegin.playtogether,"HAEGIN Co., Ltd.",,True,,https://play.google.com/store/apps/details?id=com.haegin.playtogether,2026-07-29
2026-07-29,android,tw,台湾,Google Play游戏首页预注册,https://play.google.com/store/games?gl=TW&hl=zh_TW,Mobile Legends: Bang Bang,com.mobile.legends,MOONTON,策略,True,,https://play.google.com/store/apps/details?id=com.mobile.legends,2026-07-29
2026-07-29,android,tw,台湾,Google Play游戏首页预注册,https://play.google.com/store/games?gl=TW&hl=zh_TW,Hole.io,io.voodoo.holeio,VOODOO,,False,,https://play.google.com/store/apps/details?id=io.voodoo.holeio,2026-07-29
2026-07-29,android,tw,台湾,Google Play游戏首页预注册,https://play.google.com/store/games?gl=TW&hl=zh_TW,Pokémon UNITE,jp.pokemon.pokemonunite,The Pokémon Company,策略,False,,https://play.google.com/store/apps/details?id=jp.pokemon.pokemonunite,2026-07-29
2026-07-29,android,tw,台湾,Google Play游戏首页预注册,https://play.google.com/store/games?gl=TW&hl=zh_TW,迷你世界,com.playmini.miniworld,"SuperNice Digital Marketing Co., Ltd.",冒險,True,,https://play.google.com/store/apps/details?id=com.playmini.miniworld,2026-07-29
2026-07-30,android,tw,台湾,Google Play游戏首页预注册,https://play.google.com/store/games?gl=TW&hl=zh_TW,Arrows – Puzzle Escape,com.ecffri.arrows,Lessmore GmbH,策略,False,,https://play.google.com/store/apps/details?id=com.ecffri.arrows,2026-07-30
2026-07-30,android,tw,台湾,Google Play游戏首页预注册,https://play.google.com/store/games?gl=TW&hl=zh_TW,Soccer Superstar - 足球巨星,com.soccer.score.star,Real Freestyle Soccer,策略,False,,https://play.google.com/store/apps/details?id=com.soccer.score.star,2026-07-30
2026-07-30,android,tw,台湾,Google Play游戏首页预注册,https://play.google.com/store/games?gl=TW&hl=zh_TW,糖果蘇打傳奇,com.king.candycrushsodasaga,King,冒險,True,,https://play.google.com/store/apps/details?id=com.king.candycrushsodasaga,2026-07-30
2026-07-30,android,tw,台湾,Google Play游戏首页预注册,https://play.google.com/store/games?gl=TW&hl=zh_TW,口袋奇兵（Top War）-超休閒的策略遊戲,com.topwar.gp,RiverGame,策略,True,,https://play.google.com/store/apps/details?id=com.topwar.gp,2026-07-30
2026-07-30,android,tw,台湾,Google Play游戏首页预注册,https://play.google.com/store/games?gl=TW&hl=zh_TW,元氣騎士,com.ChillyRoom.DungeonShooter,ChillyRoom,角色扮演,True,,https://play.google.com/store/apps/details?id=com.ChillyRoom.DungeonShooter,2026-07-30
2026-07-30,android,tw,台湾,Google Play预注册游戏,https://play.google.com/store/apps/collection/promotion_3000000d51_pre_registration_games?gl=TW&hl=zh_TW,死神少年,com.BillionaireGames.TicketHero,BillionaireGames,角色扮演,True,,https://play.google.com/store/apps/details?id=com.BillionaireGames.TicketHero,2026-07-28
2026-07-30,android,tw,台湾,Google Play预注册游戏,https://play.google.com/store/apps/collection/promotion_3000000d51_pre_registration_games?gl=TW&hl=zh_TW,Never Grave,com.Pocketpair.NeverGrave,Pocketpair Publishing,冒險,True,,https://play.google.com/store/apps/details?id=com.Pocketpair.NeverGrave,2026-07-28
2026-07-30,android,tw,台湾,Google Play预注册游戏,https://play.google.com/store/apps/collection/promotion_3000000d51_pre_registration_games?gl=TW&hl=zh_TW,Servant of the Lake,com.RustyLake.ServantOfTheLake,Rusty Lake,冒險,True,,https://play.google.com/store/apps/details?id=com.RustyLake.ServantOfTheLake,2026-07-28
2026-07-30,android,tw,台湾,Google Play预注册游戏,https://play.google.com/store/apps/collection/promotion_3000000d51_pre_registration_games?gl=TW&hl=zh_TW,協力魔法防衛戰：養成你的魔法師,com.TeamSparta.CSD,Teamsparta Inc.,策略,True,,https://play.google.com/store/apps/details?id=com.TeamSparta.CSD,2026-07-28
2026-07-30,android,tw,台湾,Google Play预注册游戏,https://play.google.com/store/apps/collection/promotion_3000000d51_pre_registration_games?gl=TW&hl=zh_TW,地堡隨機防禦,com.TeamSparta.brd,Teamsparta Inc.,策略,False,,https://play.google.com/store/apps/details?id=com.TeamSparta.brd,2026-07-28
2026-07-30,android,tw,台湾,Google Play预注册游戏,https://play.google.com/store/apps/collection/promotion_3000000d51_pre_registration_games?gl=TW&hl=zh_TW,UnGodly,com.azragames.ungodly,Azra Games,角色扮演,True,,https://play.google.com/store/apps/details?id=com.azragames.ungodly,2026-07-28
2026-07-30,android,tw,台湾,Google Play预注册游戏,https://play.google.com/store/apps/collection/promotion_3000000d51_pre_registration_games?gl=TW&hl=zh_TW,勁爆餐廳：合併&料理 - 療癒小鎮休閒單機不用網路的遊戲,com.bigcool.puzzle.merge.kitchen,Bigcool Games,冒險,True,,https://play.google.com/store/apps/details?id=com.bigcool.puzzle.merge.kitchen,2026-07-28
2026-07-30,android,tw,台湾,Google Play预注册游戏,https://play.google.com/store/apps/collection/promotion_3000000d51_pre_registration_games?gl=TW&hl=zh_TW,風味餐廳：合併&料理 - 療癒小鎮休閒離線單機解謎遊戲,com.bigcool.puzzle.merge.tasty,Bigcool Limited,冒險,True,,https://play.google.com/store/apps/details?id=com.bigcool.puzzle.merge.tasty,2026-07-28
2026-07-30,android,tw,台湾,Google Play预注册游戏,https://play.google.com/store/apps/collection/promotion_3000000d51_pre_registration_games?gl=TW&hl=zh_TW,閃耀吧！嚕咪,com.bilibili.lumi,BILIBILI,冒險,True,,https://play.google.com/store/apps/details?id=com.bilibili.lumi,2026-07-28
2026-07-30,android,tw,台湾,Google Play预注册游戏,https://play.google.com/store/apps/collection/promotion_3000000d51_pre_registration_games?gl=TW&hl=zh_TW,BanG Dream! 交織的樂章,com.bilibili.sirius,BILIBILI,冒險,True,,https://play.google.com/store/apps/details?id=com.bilibili.sirius,2026-07-28
2026-07-30,android,tw,台湾,Google Play预注册游戏,https://play.google.com/store/apps/collection/promotion_3000000d51_pre_registration_games?gl=TW&hl=zh_TW,喵吱大作戰：放置類RPG,com.blackdust.redblue,"RIFF GAMES Co., Ltd.",角色扮演,True,,https://play.google.com/store/apps/details?id=com.blackdust.redblue,2026-07-28
2026-07-30,android,tw,台湾,Google Play预注册游戏,https://play.google.com/store/apps/collection/promotion_3000000d51_pre_registration_games?gl=TW&hl=zh_TW,How Many Dudes?,com.bscotch.hmd,Butterscotch Shenanigans,策略,True,,https://play.google.com/store/apps/details?id=com.bscotch.hmd,2026-07-28
2026-07-30,android,tw,台湾,Google Play预注册游戏,https://play.google.com/store/apps/collection/promotion_3000000d51_pre_registration_games?gl=TW&hl=zh_TW,撐住吧！領主大人！,com.buffstudio.holdonlord,"Buff Studio Co.,Ltd.",策略,True,,https://play.google.com/store/apps/details?id=com.buffstudio.holdonlord,2026-07-28
2026-07-30,android,tw,台湾,Google Play预注册游戏,https://play.google.com/store/apps/collection/promotion_3000000d51_pre_registration_games?gl=TW&hl=zh_TW,桃園結義：放置三國志 RPG,com.codetiger.threekingdom,코드타이거,角色扮演,True,,https://play.google.com/store/apps/details?id=com.codetiger.threekingdom,2026-07-28
2026-07-30,android,tw,台湾,Google Play预注册游戏,https://play.google.com/store/apps/collection/promotion_3000000d51_pre_registration_games?gl=TW&hl=zh_TW,Storypick,com.com2us.storypick.android.google.global.normal.storypick12,Day7,冒險,True,,https://play.google.com/store/apps/details?id=com.com2us.storypick.android.google.global.normal.storypick12,2026-07-28
2026-07-30,android,tw,台湾,Google Play预注册游戏,https://play.google.com/store/apps/collection/promotion_3000000d51_pre_registration_games?gl=TW&hl=zh_TW,ARES: THE IRON VANGUARD,com.com2usholdings.agwiv.android.google.global.normal,Com2uS Holdings,角色扮演,True,,https://play.google.com/store/apps/details?id=com.com2usholdings.agwiv.android.google.global.normal,2026-07-28
2026-07-30,android,tw,台湾,Google Play预注册游戏,https://play.google.com/store/apps/collection/promotion_3000000d51_pre_registration_games?gl=TW&hl=zh_TW,Crash Cat : Zombie Survivor,com.cookapps.catsurvivor,CookApps,角色扮演,True,,https://play.google.com/store/apps/details?id=com.cookapps.catsurvivor,2026-07-28
2026-07-30,android,tw,台湾,Google Play预注册游戏,https://play.google.com/store/apps/collection/promotion_3000000d51_pre_registration_games?gl=TW&hl=zh_TW,星際亡命徒：肉鴿塔防,com.cookapps.towerroguedefense,CookApps,策略,True,,https://play.google.com/store/apps/details?id=com.cookapps.towerroguedefense,2026-07-28
2026-07-30,android,tw,台湾,Google Play预注册游戏,https://play.google.com/store/apps/collection/promotion_3000000d51_pre_registration_games?gl=TW&hl=zh_TW,MAJO - 末日策略 RPG,com.darkwind.majo,DarkWind Ltd.,角色扮演,True,,https://play.google.com/store/apps/details?id=com.darkwind.majo,2026-07-28
2026-07-30,android,tw,台湾,Google Play预注册游戏,https://play.google.com/store/apps/collection/promotion_3000000d51_pre_registration_games?gl=TW&hl=zh_TW,王權：星途,com.devolver.reignsbeyond,DevolverDigital,,False,,https://play.google.com/store/apps/details?id=com.devolver.reignsbeyond,2026-07-28
2026-07-30,android,tw,台湾,Google Play游戏首页预注册,https://play.google.com/store/games?gl=TW&hl=zh_TW,Pokémon GO,com.nianticlabs.pokemongo,"Scopely Explore, Inc.",冒險,True,,https://play.google.com/store/apps/details?id=com.nianticlabs.pokemongo,2026-07-28
2026-07-30,android,tw,台湾,Google Play游戏首页预注册,https://play.google.com/store/games?gl=TW&hl=zh_TW,Royal Kingdom,com.dreamgames.royalkingdom,"Dream Games, Ltd.",冒險,True,,https://play.google.com/store/apps/details?id=com.dreamgames.royalkingdom,2026-07-28
2026-07-30,android,tw,台湾,Google Play游戏首页预注册,https://play.google.com/store/games?gl=TW&hl=zh_TW,EA SPORTS FC™ 足球 Mobile 2026,com.ea.gp.fifamobile,ELECTRONIC ARTS,,True,,https://play.google.com/store/apps/details?id=com.ea.gp.fifamobile,2026-07-30
2026-07-30,android,tw,台湾,Google Play游戏首页预注册,https://play.google.com/store/games?gl=TW&hl=zh_TW,Tile Explorer - Triple Match,com.oakever.tiletrip,Oakever Games,冒險,True,,https://play.google.com/store/apps/details?id=com.oakever.tiletrip,2026-07-30
2026-07-30,android,tw,台湾,Google Play游戏首页预注册,https://play.google.com/store/games?gl=TW&hl=zh_TW,神魔之塔,com.madhead.tos.zh,Mad Head Limited,角色扮演,True,,https://play.google.com/store/apps/details?id=com.madhead.tos.zh,2026-07-30
2026-07-30,android,tw,台湾,Google Play游戏首页预注册,https://play.google.com/store/games?gl=TW&hl=zh_TW,楓之谷：放置冒險記,com.nexon.ma,NEXON Company,角色扮演,True,,https://play.google.com/store/apps/details?id=com.nexon.ma,2026-07-30
2026-07-30,android,tw,台湾,Google Play游戏首页预注册,https://play.google.com/store/games?gl=TW&hl=zh_TW,點點大作戰,com.funplus.ts.global,FunPlus International AG,冒險,True,,https://play.google.com/store/apps/details?id=com.funplus.ts.global,2026-07-30
2026-07-30,android,tw,台湾,Google Play游戏首页预注册,https://play.google.com/store/games?gl=TW&hl=zh_TW,絕區零 - 週年慶,com.HoYoverse.Nap,COGNOSPHERE PTE. LTD.,角色扮演,True,,https://play.google.com/store/apps/details?id=com.HoYoverse.Nap,2026-07-30
2026-07-30,android,tw,台湾,Google Play游戏首页预注册,https://play.google.com/store/games?gl=TW&hl=zh_TW,Roblox,com.roblox.client,Roblox Corporation,角色扮演,True,,https://play.google.com/store/apps/details?id=com.roblox.client,2026-07-28
2026-07-30,android,tw,台湾,Google Play游戏首页预注册,https://play.google.com/store/games?gl=TW&hl=zh_TW,Garena 傳說對決：冥定王牌版本,com.garena.game.kgtw,Garena Games Online,策略,True,,https://play.google.com/store/apps/details?id=com.garena.game.kgtw,2026-07-30
2026-08-04,android,tw,台湾,Google Play预注册游戏,https://play.google.com/store/apps/collection/promotion_3000000d51_pre_registration_games?gl=TW&hl=zh_TW,Storypick,com.com2us.storypick.android.google.global.normal.storypick12,Day7,,False,,https://play.google.com/store/apps/details?id=com.com2us.storypick.android.google.global.normal.storypick12,2026-07-28
2026-08-05,android,tw,台湾,Google Play预注册游戏,https://play.google.com/store/apps/collection/promotion_3000000d51_pre_registration_games?gl=TW&hl=zh_TW,Storypick,com.com2us.storypick.android.google.global.normal.storypick12,Day7,,False,,https://play.google.com/store/apps/details?id=com.com2us.storypick.android.google.global.normal.storypick12,2026-07-28
2026-08-06,android,tw,台湾,Google Play预注册游戏,https://play.google.com/store/apps/collection/promotion_3000000d51_pre_registration_games?gl=TW&hl=zh_TW,Storypick,com.com2us.storypick.android.google.global.normal.storypick12,Day7,,False,,https://play.google.com/store/apps/details?id=com.com2us.storypick.android.google.global.normal.storypick12,2026-07-28
2026-08-07,android,tw,台湾,Google Play预注册游戏,https://play.google.com/store/apps/collection/promotion_3000000d51_pre_registration_games?gl=TW&hl=zh_TW,Storypick,com.com2us.storypick.android.google.global.normal.storypick12,Day7,,False,,https://play.google.com/store/apps/details?id=com.com2us.storypick.android.google.global.normal.storypick12,2026-07-28
2026-08-08,android,tw,台湾,Google Play预注册游戏,https://play.google.com/store/apps/collection/promotion_3000000d51_pre_registration_games?gl=TW&hl=zh_TW,Storypick,com.com2us.storypick.android.google.global.normal.storypick12,Day7,,False,,https://play.google.com/store/apps/details?id=com.com2us.storypick.android.google.global.normal.storypick12,2026-07-28
